0,1,2,3,4,5
-19.30,1.74,-12.01,4.94141,-1.58361,24.00
-46.07,9.49,8.48,4.93164,-1.84755,24.00
3.45,-4.17,14.88,4.93164,-1.84755,24.00
-21.00,-7.53,13.84,4.89258,-2.90329,24.00
-5.82,4.67,-18.90,4.92187,-2.11149,24.00
-34.48,5.70,11.16,4.93164,-1.84755,24.00
1.19,-1.92,15.92,4.95117,-1.31968,24.00
-6.19,-8.50,-3.17,4.96094,-1.05574,24.00
-28.14,6.25,10.86,4.95117,-1.31968,24.00
-1.43,9.67,10.31,4.93164,-1.84755,24.00
-27.10,-6.92,10.86,4.95117,-1.31968,24.00
-21.31,4.00,1.95,4.91211,-2.37542,24.00
-28.50,6.25,-2.50,4.93164,-1.84755,24.00
4.85,-16.61,15.92,4.92187,-2.11149,24.00
-25.15,5.10,17.56,4.92187,-2.11149,24.00
-27.35,4.61,1.71,4.92187,-2.11149,24.00
1.92,-8.50,-10.85,4.95117,-1.31968,24.00
-16.86,6.13,1.47,4.94141,-1.58361,24.00
4.12,0.22,10.86,4.92187,-2.11149,24.00
-4.11,-16.73,24.21,4.95117,-1.31968,24.00
-38.26,6.31,13.30,4.92187,-2.11149,24.00
-7.77,12.96,-9.02,4.94141,-1.58361,24.00
-7.41,-8.44,-3.23,4.91211,-2.37542,24.00
6.74,0.95,5.55,4.90234,-2.63936,24.00
-24.30,10.22,4.27,4.91211,-2.37542,24.00
-3.57,-12.95,7.20,4.96094,-1.05574,24.00
-2.04,1.74,-11.76,4.92187,-2.11149,24.00
-4.60,11.07,0.55,4.92187,-2.11149,24.00
6.31,-8.62,10.13,4.95117,-1.31968,24.00
-14.72,-0.39,18.66,4.90234,-2.63936,24.00
-34.05,11.50,17.14,4.92187,-2.11149,24.00
-24.79,-1.37,7.26,4.95117,-1.31968,24.00
-1.13,-5.15,-2.37,4.95117,-1.31968,24.00
-20.94,8.27,8.42,4.94141,-1.58361,24.00
8.14,-1.37,8.24,4.96094,-1.05574,24.00
4.06,-14.23,12.50,4.93164,-1.84755,24.00
-24.36,1.80,11.47,4.92187,-2.11149,24.00
-7.16,4.49,3.11,4.94141,-1.58361,24.00
-4.36,-2.59,-7.92,4.92187,-2.11149,24.00
-14.72,-10.33,7.38,4.96094,-1.05574,24.00
-0.15,8.45,7.02,4.93164,-1.84755,24.00
8.02,-2.34,6.22,4.93164,-1.84755,24.00
9.60,-13.01,5.92,4.94141,-1.58361,24.00
-12.41,-2.10,18.36,4.98047,-0.52787,24.00
-19.11,9.36,2.99,4.92187,-2.11149,24.00
-8.63,-2.53,-7.25,4.92187,-2.11149,24.00
-20.27,-7.89,5.80,4.97070,-0.79181,24.00
-3.50,2.35,1.04,4.88281,-3.16723,24.00
-12.96,12.78,14.21,4.96094,-1.05574,24.00
-18.26,1.68,13.66,4.98047,-0.52787,24.00
-7.96,-8.50,-1.46,4.92187,-2.11149,24.00
-7.90,5.83,-3.35,4.93164,-1.84755,24.00
-6.61,10.83,-9.14,4.95117,-1.31968,24.00
-11.92,-0.64,5.74,4.92187,-2.11149,24.00
6.31,-12.28,-0.24,4.93164,-1.84755,24.00
3.14,-0.21,9.27,4.93164,-1.84755,24.00
-6.55,10.52,12.32,4.91211,-2.37542,24.00
-17.77,-2.16,21.28,4.95117,-1.31968,24.00
-13.69,-7.59,18.78,4.94141,-1.58361,24.00
-29.18,3.20,3.11,4.94141,-1.58361,24.00
-18.32,12.66,0.67,4.92187,-2.11149,24.00
-8.08,-5.51,2.44,4.95117,-1.31968,24.00
4.73,-9.72,-3.53,4.95117,-1.31968,24.00
-21.55,3.33,6.65,4.94141,-1.58361,24.00
-3.32,8.69,5.06,4.94141,-1.58361,24.00
3.87,-6.12,3.91,4.97070,-0.79181,24.00
-1.37,-13.93,12.26,4.96094,-1.05574,24.00
-4.66,0.22,18.36,4.96094,-1.05574,24.00
-27.29,9.55,21.10,4.95117,-1.31968,24.00
-12.10,-1.86,29.45,4.95117,-1.31968,24.00
-13.81,-2.77,27.26,4.95117,-1.31968,24.00
-26.68,4.49,11.71,4.94141,-1.58361,24.00
-26.92,12.41,22.20,4.94141,-1.58361,24.00
-18.99,7.53,22.69,4.95117,-1.31968,24.00
-11.55,-7.59,19.27,4.94141,-1.58361,24.00
-11.61,-3.44,32.26,4.97070,-0.79181,24.00
-25.58,10.58,20.61,4.93164,-1.84755,24.00
-22.59,11.62,2.75,4.92187,-2.11149,24.00
-2.47,0.34,-8.59,4.93164,-1.84755,24.00
-6.80,-6.61,-7.56,4.97070,-0.79181,24.00
-10.94,3.02,-11.34,4.96094,-1.05574,24.00
-19.85,10.16,-11.52,4.95117,-1.31968,24.00
-13.44,-2.65,8.78,4.96094,-1.05574,24.00
-12.83,-9.42,-10.67,4.94141,-1.58361,24.00
-15.15,-2.47,7.99,4.95117,-1.31968,24.00
-3.81,0.28,5.19,4.96094,-1.05574,24.00
-22.16,0.70,9.58,4.93164,-1.84755,24.00
6.37,-5.82,8.78,4.96094,-1.05574,24.00
-2.53,-8.75,12.56,5.04883,1.31968,24.00
-26.31,7.11,16.16,4.90234,-2.63936,24.00
-37.65,13.39,13.97,4.97070,-0.79181,24.00
-20.46,6.13,1.22,4.95117,-1.31968,24.00
-5.33,-4.42,2.02,4.95117,-1.31968,24.00
-23.20,-5.27,10.37,4.94141,-1.58361,24.00
-14.48,5.83,-1.95,4.96094,-1.05574,24.00
-6.86,12.41,-15.06,4.91211,-2.37542,24.00
-3.57,2.35,-10.73,4.94141,-1.58361,24.00
1.07,-0.45,-13.29,4.96094,-1.05574,24.00
-10.70,-1.49,-7.19,4.94141,-1.58361,24.00
-10.33,6.25,-12.01,4.93164,-1.84755,24.00
-22.10,11.92,-12.98,4.92187,-2.11149,24.00
-16.13,6.01,-13.17,4.94141,-1.58361,24.00
-0.58,-9.23,-16.52,4.94141,-1.58361,24.00
-14.18,-11.67,9.70,4.94141,-1.58361,24.00
-11.49,6.62,-1.03,4.97070,-0.79181,24.00
0.40,11.50,0.06,4.95117,-1.31968,24.00
3.63,-1.80,1.89,4.97070,-0.79181,24.00
-1.43,-11.67,2.08,4.93164,-1.84755,24.00
-0.88,-4.42,11.77,4.93164,-1.84755,24.00
-8.32,3.94,21.16,4.97070,-0.79181,24.00
-4.79,7.11,20.00,4.93164,-1.84755,24.00
-15.64,-1.49,21.34,4.97070,-0.79181,24.00
-16.68,-6.49,13.66,4.93164,-1.84755,24.00
-21.98,1.38,8.85,4.94141,-1.58361,24.00
-35.82,12.29,16.65,4.96094,-1.05574,24.00
-36.00,15.58,3.97,4.93164,-1.84755,24.00
-16.80,4.06,6.10,4.92187,-2.11149,24.00
1.37,-10.27,0.61,4.94141,-1.58361,24.00
0.76,-3.75,-8.41,4.93164,-1.84755,24.00
-3.02,10.03,-14.45,4.93164,-1.84755,24.00
-20.15,11.92,-3.72,4.91211,-2.37542,24.00
-1.00,-0.39,7.14,4.98047,-0.52787,24.00
-9.24,-9.66,10.06,4.92187,-2.11149,24.00
-9.97,-6.25,4.58,4.89258,-2.90329,24.00
-9.97,7.72,-12.68,4.98047,-0.52787,24.00
-14.60,10.46,-6.64,4.89258,-2.90329,24.00
-15.58,-2.10,8.85,4.96094,-1.05574,24.00
-12.83,-11.06,2.32,4.92187,-2.11149,24.00
-5.15,-11.25,2.87,4.95117,-1.31968,24.00
-20.76,-1.86,16.10,4.95117,-1.31968,24.00
-10.52,12.78,14.03,4.96094,-1.05574,24.00
-19.91,6.07,17.38,4.94141,-1.58361,24.00
-14.48,-1.12,7.63,4.92187,-2.11149,24.00
-10.94,-6.67,4.88,4.95117,-1.31968,24.00
-18.93,4.61,4.09,4.89258,-2.90329,24.00
-9.36,8.02,-5.91,4.97070,-0.79181,24.00
-1.61,3.75,-11.58,4.92187,-2.11149,24.00
-19.60,-1.67,-6.76,4.94141,-1.58361,24.00
3.51,-14.29,1.71,4.93164,-1.84755,24.00
5.64,-4.78,7.63,4.95117,-1.31968,24.00
-8.63,7.84,13.42,4.92187,-2.11149,24.00
-20.70,11.74,18.84,4.94141,-1.58361,24.00
-19.18,1.19,12.93,4.91211,-2.37542,24.00
-19.05,-6.37,12.26,4.94141,-1.58361,24.00
-12.10,-12.28,21.28,4.96094,-1.05574,24.00
-13.08,3.33,8.48,4.94141,-1.58361,24.00
-22.77,6.99,8.78,4.97070,-0.79181,24.00
-12.53,9.24,1.04,4.92187,-2.11149,24.00
-0.76,1.38,-3.59,4.99023,-0.26394,24.00
-5.27,-10.82,-5.91,4.95117,-1.31968,24.00
-12.35,-2.28,-3.59,4.98047,-0.52787,24.00
-8.99,1.44,-0.30,4.97070,-0.79181,24.00
-6.80,4.61,16.22,4.88281,-3.16723,24.00
-8.38,-4.72,16.04,4.95117,-1.31968,24.00
-30.94,-0.27,15.19,4.90234,-2.63936,24.00
-7.41,-8.26,13.24,4.97070,-0.79181,24.00
5.21,-10.03,22.75,4.94141,-1.58361,24.00
-12.77,-20.39,2.02,5.00977,0.26394,24.00
-5.82,-8.93,5.86,4.85352,-3.95904,24.00
-11.92,-14.84,7.32,4.92187,-2.11149,24.00
0.15,1.80,5.74,4.93164,-1.84755,24.00
-17.53,17.11,-4.81,4.90234,-2.63936,24.00
-25.33,17.72,13.66,4.92187,-2.11149,24.00
-0.03,5.16,-3.90,4.95117,-1.31968,24.00
17.35,-6.31,1.35,4.90234,-2.63936,24.00
11.68,-8.38,9.39,4.93164,-1.84755,24.00
-3.20,1.74,7.44,4.89258,-2.90329,24.00
-10.33,2.23,22.87,4.90234,-2.63936,24.00
-9.79,-4.05,22.69,4.91211,-2.37542,24.00
-9.54,-13.26,5.67,4.93164,-1.84755,24.00
-16.31,9.91,-7.86,4.95117,-1.31968,24.00
-25.09,12.17,5.55,4.93164,-1.84755,24.00
-19.30,-5.45,2.20,4.97070,-0.79181,24.00
-20.52,-9.48,12.44,4.92187,-2.11149,24.00
7.47,4.00,6.77,4.91211,-2.37542,24.00
-3.14,0.10,0.13,4.97070,-0.79181,24.00
-7.35,-10.33,1.83,4.92187,-2.11149,24.00
-10.64,1.56,2.99,4.97070,-0.79181,24.00
-3.26,4.49,-6.09,4.89258,-2.90329,24.00
-10.94,3.14,3.05,4.93164,-1.84755,24.00
-19.42,2.17,12.81,4.94141,-1.58361,24.00
-9.30,8.02,4.58,4.93164,-1.84755,24.00
4.30,-1.49,-3.78,4.89258,-2.90329,24.00
10.76,-8.93,-0.85,4.94141,-1.58361,24.00
-20.76,4.00,4.52,4.90234,-2.63936,24.00
3.75,13.94,-5.55,4.95117,-1.31968,24.00
-11.19,-10.64,-6.46,4.97070,-0.79181,24.00
-2.77,3.94,12.14,4.94141,-1.58361,24.00
-14.91,10.64,-1.28,4.95117,-1.31968,24.00
-7.96,-3.26,-1.76,4.98047,-0.52787,24.00
7.78,-10.39,-2.98,4.98047,-0.52787,24.00
-28.20,3.14,15.61,4.94141,-1.58361,24.00
-3.38,6.99,12.32,4.97070,-0.79181,24.00
-21.25,5.34,1.95,4.94141,-1.58361,24.00
-14.85,-3.08,3.78,4.95117,-1.31968,24.00
-12.59,-10.94,16.04,4.97070,-0.79181,24.00
0.40,-1.55,16.89,4.92187,-2.11149,24.00
-29.42,7.47,19.58,4.93164,-1.84755,24.00
-13.57,0.89,-3.35,4.99023,-0.26394,24.00
-11.19,-5.58,1.22,4.94141,-1.58361,24.00
-17.16,9.18,5.19,4.96094,-1.05574,24.00
-14.18,7.47,11.04,4.93164,-1.84755,24.00
0.89,-6.12,6.95,4.97070,-0.79181,24.00
7.90,-16.98,17.99,4.95117,-1.31968,24.00
4.24,2.53,12.50,4.92187,-2.11149,24.00
-7.59,0.52,14.58,4.93164,-1.84755,24.00
7.53,-9.23,15.55,4.94141,-1.58361,24.00
-12.65,-11.61,11.71,4.99023,-0.26394,24.00
-25.09,6.07,12.87,4.94141,-1.58361,24.00
-21.74,-0.64,14.03,4.94141,-1.58361,24.00
-17.65,-6.31,8.66,4.92187,-2.11149,24.00
-5.76,-0.70,-0.97,4.92187,-2.11149,24.00
-14.79,10.40,4.94,4.95117,-1.31968,24.00
-13.87,0.10,3.17,4.92187,-2.11149,24.00
3.02,-9.54,16.10,4.93164,-1.84755,24.00
-10.46,6.92,16.71,4.92187,-2.11149,24.00
-19.42,9.61,0.13,4.93164,-1.84755,24.00
-0.15,-1.19,-5.55,4.96094,-1.05574,24.00
3.08,-11.06,-13.29,4.91211,-2.37542,24.00
-14.48,5.52,7.14,4.89258,-2.90329,24.00
-14.66,5.58,5.31,4.95117,-1.31968,24.00
9.24,-12.28,15.49,4.94141,-1.58361,24.00
0.28,-10.82,19.39,4.93164,-1.84755,24.00
-28.14,8.81,5.19,4.91211,-2.37542,24.00
-4.54,8.63,-3.35,4.92187,-2.11149,24.00
-2.96,-4.60,-3.11,4.94141,-1.58361,24.00
-4.91,1.92,-0.36,4.95117,-1.31968,24.00
-20.82,13.88,-6.83,4.92187,-2.11149,24.00
-21.25,3.33,-3.35,4.98047,-0.52787,24.00
-14.85,-8.38,5.13,4.89258,-2.90329,24.00
-18.32,1.01,6.59,4.91211,-2.37542,24.00
-11.80,10.95,4.94,4.92187,-2.11149,24.00
-0.88,2.17,8.48,4.91211,-2.37542,24.00
8.14,-7.16,10.92,4.95117,-1.31968,24.00
-2.71,-5.88,18.60,4.91211,-2.37542,24.00
-4.18,6.68,14.94,4.89258,-2.90329,24.00
-5.76,11.92,12.69,4.95117,-1.31968,24.00
-14.85,-3.93,19.21,4.91211,-2.37542,24.00
-14.05,-6.92,13.48,4.94141,-1.58361,24.00
0.34,-0.58,5.06,4.92187,-2.11149,24.00
-8.93,11.07,-8.17,4.90234,-2.63936,24.00
-12.83,-0.88,-6.03,4.94141,-1.58361,24.00
-15.52,-3.87,11.47,4.94141,-1.58361,24.00
-3.69,2.47,5.19,4.88281,-3.16723,24.00
-15.76,12.23,13.30,4.90234,-2.63936,24.00
-5.46,-3.75,16.16,4.90234,-2.63936,24.00
-14.30,-12.65,20.25,4.93164,-1.84755,24.00
-24.97,6.80,9.52,4.87305,-3.43117,24.00
-19.18,15.70,-2.56,4.90234,-2.63936,24.00
2.29,-4.42,-1.95,4.90234,-2.63936,24.00
-8.63,-7.22,4.82,4.92187,-2.11149,24.00
-16.98,7.84,-1.89,4.92187,-2.11149,24.00
-10.64,14.79,-7.25,4.89258,-2.90329,24.00
-1.00,-3.32,-14.51,4.92187,-2.11149,24.00
-2.47,-6.31,-7.80,4.90234,-2.63936,24.00
-18.38,4.97,-6.52,4.89258,-2.90329,24.00
-23.38,10.70,-10.97,4.93164,-1.84755,24.00
-24.11,8.45,3.60,4.91211,-2.37542,24.00
-3.57,-7.83,10.49,4.89258,-2.90329,24.00
7.71,-8.50,10.86,4.95117,-1.31968,24.00
3.26,6.38,4.58,4.93164,-1.84755,24.00
0.34,6.19,5.61,4.95117,-1.31968,24.00
-8.63,-11.25,14.82,4.89258,-2.90329,24.00
-12.41,-12.16,14.70,4.90234,-2.63936,24.00
-12.16,6.50,3.11,4.89258,-2.90329,24.00
-25.21,10.40,-6.09,4.91211,-2.37542,24.00
-17.53,-6.98,-3.05,4.96094,-1.05574,24.00
-10.46,-12.65,-1.89,4.91211,-2.37542,24.00
-16.43,-8.56,4.52,4.94141,-1.58361,24.00
-24.05,9.61,-8.41,4.94141,-1.58361,24.00
-14.48,13.63,-9.45,4.89258,-2.90329,24.00
-21.86,1.13,-3.47,4.91211,-2.37542,24.00
-14.30,-10.21,-4.51,4.91211,-2.37542,24.00
-6.61,-11.00,-4.14,4.98047,-0.52787,24.00
-13.57,13.57,-7.44,4.92187,-2.11149,24.00
-17.35,11.25,-0.91,4.95117,-1.31968,24.00
1.43,-0.21,5.00,4.93164,-1.84755,24.00
7.10,-10.88,11.35,4.98047,-0.52787,24.00
9.42,-14.60,14.15,4.94141,-1.58361,24.00
-8.32,5.10,14.52,4.93164,-1.84755,24.00
-20.88,8.81,16.16,4.94141,-1.58361,24.00
-19.30,-2.71,18.91,4.93164,-1.84755,24.00
-14.18,-2.65,18.91,4.91211,-2.37542,24.00
-15.03,-8.08,13.30,4.98047,-0.52787,24.00
-0.88,5.03,-0.18,4.92187,-2.11149,24.00
-8.63,7.84,-11.95,4.93164,-1.84755,24.00
-9.24,9.06,-14.26,4.89258,-2.90329,24.00
-16.00,-2.53,-2.01,4.91211,-2.37542,24.00
-13.99,-13.20,2.99,4.93164,-1.84755,24.00
-13.08,0.77,11.77,4.96094,-1.05574,24.00
-22.89,6.74,-2.74,4.96094,-1.05574,24.00
-24.24,10.52,-13.72,4.92187,-2.11149,24.00
-15.21,3.33,-6.58,4.95117,-1.31968,24.00
1.98,-11.37,23.97,4.91211,-2.37542,24.00
0.82,-9.78,5.43,4.96094,-1.05574,24.00
-11.49,7.35,5.74,4.91211,-2.37542,24.00
-24.42,4.79,3.48,4.94141,-1.58361,24.00
-24.18,6.80,-8.90,4.90234,-2.63936,24.00
-17.35,-5.21,-7.80,4.92187,-2.11149,24.00
-0.21,-7.40,-7.98,4.91211,-2.37542,24.00
-8.81,2.53,-2.62,4.91211,-2.37542,24.00
-6.74,6.44,20.49,4.89258,-2.90329,24.00
-14.72,13.69,3.48,4.94141,-1.58361,24.00
1.01,-4.60,0.92,4.93164,-1.84755,24.00
-1.49,-8.14,8.60,4.90234,-2.63936,24.00
-19.11,-3.14,1.22,4.97070,-0.79181,24.00
-9.66,2.84,-12.01,4.92187,-2.11149,24.00
-15.64,9.36,-5.55,4.97070,-0.79181,24.00
-27.47,12.17,0.06,4.94141,-1.58361,24.00
-14.05,-4.54,2.81,4.93164,-1.84755,24.00
-6.19,-7.47,2.93,4.90234,-2.63936,24.00
-12.71,-11.37,3.36,5.00000,0.00000,24.00
-13.99,7.96,1.47,4.94141,-1.58361,24.00
-25.33,13.20,3.54,4.91211,-2.37542,24.00
-19.05,13.63,1.53,4.93164,-1.84755,24.00
-16.74,-3.38,4.03,4.93164,-1.84755,24.00
-20.21,-3.32,13.48,4.93164,-1.84755,24.00
-4.54,-11.37,2.20,4.95117,-1.31968,24.00
-2.41,2.11,-0.12,4.89258,-2.90329,24.00
-7.96,4.73,-3.78,4.93164,-1.84755,24.00
-6.61,11.13,-9.02,4.95117,-1.31968,24.00
0.34,2.35,-11.83,4.92187,-2.11149,24.00
-5.03,-4.42,-2.56,4.96094,-1.05574,24.00
11.01,-13.87,-1.89,4.95117,-1.31968,24.00
-3.32,-7.71,1.16,4.98047,-0.52787,24.00
-18.44,8.20,8.17,4.95117,-1.31968,24.00
-13.81,14.85,18.17,4.99023,-0.26394,24.00
-21.37,14.79,15.55,4.94141,-1.58361,24.00
-9.11,4.06,13.24,4.91211,-2.37542,24.00
-7.29,-6.06,17.69,4.93164,-1.84755,24.00
0.58,-8.50,16.65,4.91211,-2.37542,24.00
-18.26,-5.45,15.37,5.00000,0.00000,24.00
-19.72,8.69,17.63,4.93164,-1.84755,24.00
-24.30,12.84,10.31,4.97070,-0.79181,24.00
-12.53,10.10,-1.15,4.91211,-2.37542,24.00
6.43,-1.37,-10.42,4.97070,-0.79181,24.00
1.86,-9.42,-2.86,4.90234,-2.63936,24.00
-9.30,-10.15,-4.63,4.92187,-2.11149,24.00
-15.27,5.16,-4.14,4.93164,-1.84755,24.00
-20.15,6.56,-10.67,4.98047,-0.52787,24.00
-23.44,8.39,1.47,4.99023,-0.26394,24.00
-7.90,-5.64,-2.68,4.91211,-2.37542,24.00
-20.52,-4.84,-4.69,4.99023,-0.26394,24.00
-5.94,-11.06,-4.33,4.95117,-1.31968,24.00
-18.81,1.38,-4.39,4.93164,-1.84755,24.00
-6.68,7.17,-5.30,4.98047,-0.52787,24.00
-11.37,11.38,-11.58,4.93164,-1.84755,24.00
-2.22,-0.21,-14.87,4.89258,-2.90329,24.00
-22.35,-4.72,5.67,4.95117,-1.31968,24.00
-4.60,-1.73,0.55,4.91211,-2.37542,24.00
-6.19,2.29,1.28,4.92187,-2.11149,24.00
-8.50,13.27,-5.30,4.93164,-1.84755,24.00
-23.81,18.45,-1.03,4.89258,-2.90329,24.00
-1.25,-1.06,1.95,4.94141,-1.58361,24.00
-0.94,-7.34,12.50,4.93164,-1.84755,24.00
-15.21,-10.15,23.11,4.95117,-1.31968,24.00
-11.61,1.62,22.99,4.92187,-2.11149,24.00
-15.09,12.05,3.72,4.89258,-2.90329,24.00
-22.96,12.47,1.71,4.94141,-1.58361,24.00
-5.27,-2.77,-5.36,4.95117,-1.31968,24.00
-16.43,-2.47,-5.97,4.92187,-2.11149,24.00
-10.27,-8.32,12.32,4.91211,-2.37542,24.00
-12.71,6.25,-4.20,4.90234,-2.63936,24.00
-12.41,9.97,-14.75,4.93164,-1.84755,24.00
-12.77,14.00,-18.53,4.98047,-0.52787,24.00
-11.07,11.80,-17.01,4.92187,-2.11149,24.00
-14.97,-3.75,-9.75,4.91211,-2.37542,24.00
-7.22,1.62,-19.33,4.85352,-3.95904,24.00
-13.50,3.69,-10.48,4.98047,-0.52787,24.00
-14.85,7.78,-6.95,4.93164,-1.84755,24.00
-8.87,9.42,-3.53,4.93164,-1.84755,24.00
-7.47,7.35,6.22,4.91211,-2.37542,24.00
1.62,-10.27,11.28,4.95117,-1.31968,24.00
-11.13,-8.32,18.91,4.93164,-1.84755,24.00
-11.74,-12.34,14.88,4.95117,-1.31968,24.00
-24.85,-2.47,10.86,4.90234,-2.63936,24.00
-11.86,10.28,-1.95,4.94141,-1.58361,24.00
-8.20,9.42,-9.81,4.95117,-1.31968,24.00
-22.65,12.72,9.39,4.91211,-2.37542,24.00
-15.94,9.73,14.33,4.94141,-1.58361,24.00
-9.30,-8.56,21.34,4.89258,-2.90329,24.00
-6.92,-10.88,17.14,4.90234,-2.63936,24.00
-16.55,-7.71,19.33,4.93164,-1.84755,24.00
-18.93,9.61,4.33,4.88281,-3.16723,24.00
-22.71,11.56,2.75,4.94141,-1.58361,24.00
-13.08,9.91,-10.36,4.89258,-2.90329,24.00
-6.92,-5.51,-10.97,4.93164,-1.84755,24.00
-9.66,-5.09,-10.36,4.92187,-2.11149,24.00
-15.15,-4.11,-3.47,4.95117,-1.31968,24.00
-13.08,0.70,7.38,4.90234,-2.63936,24.00
-17.89,5.34,-13.29,4.89258,-2.90329,24.00
-19.66,11.25,-7.56,4.93164,-1.84755,24.00
-15.70,7.78,-10.12,4.90234,-2.63936,24.00
-9.60,-4.48,-13.17,4.95117,-1.31968,24.00
-8.14,-12.65,-3.23,4.94141,-1.58361,24.00
-6.80,-13.99,2.44,4.90234,-2.63936,24.00
-7.04,-0.27,6.35,4.95117,-1.31968,24.00
-13.32,1.86,6.89,4.93164,-1.84755,24.00
-18.08,10.10,-3.96,4.90234,-2.63936,24.00
-18.87,6.44,-2.37,4.92187,-2.11149,24.00
-14.97,-3.56,5.98,4.95117,-1.31968,24.00
6.56,-8.01,6.16,4.90234,-2.63936,24.00
3.45,-9.54,7.44,4.96094,-1.05574,24.00
-9.42,-2.28,17.26,4.94141,-1.58361,24.00
-5.82,5.03,12.38,4.91211,-2.37542,24.00
-12.77,10.28,16.34,4.95117,-1.31968,24.00
4.54,1.01,14.76,4.90234,-2.63936,24.00
1.13,-9.66,12.99,4.93164,-1.84755,24.00
1.25,-7.89,14.94,4.87305,-3.43117,24.00
5.34,-10.09,13.84,4.96094,-1.05574,24.00
0.70,2.35,9.58,4.90234,-2.63936,24.00
-3.14,7.96,7.26,4.95117,-1.31968,24.00
-12.22,13.45,8.72,4.96094,-1.05574,24.00
-14.54,5.95,8.72,4.94141,-1.58361,24.00
-4.24,-5.45,14.33,4.94141,-1.58361,24.00
-5.82,-8.93,13.72,4.94141,-1.58361,24.00
-12.83,-12.34,19.58,4.93164,-1.84755,24.00
-14.60,-4.05,13.48,4.94141,-1.58361,24.00
-13.20,8.69,7.99,4.92187,-2.11149,24.00
-11.43,14.18,-5.24,4.90234,-2.63936,24.00
-21.55,15.22,8.66,4.95117,-1.31968,24.00
-31.55,14.24,12.63,4.88281,-3.16723,24.00
-17.47,-3.08,4.09,4.95117,-1.31968,24.00
-13.99,-7.59,19.09,4.92187,-2.11149,24.00
-11.19,-7.83,19.82,4.90234,-2.63936,24.00
-14.30,-1.49,25.92,4.88281,-3.16723,24.00
-10.64,4.36,15.43,4.94141,-1.58361,24.00
-1.19,13.08,8.24,4.90234,-2.63936,24.00
-12.47,5.89,4.45,4.89258,-2.90329,24.00
-15.27,-3.14,-2.86,4.96094,-1.05574,24.00
-13.50,-7.59,-10.48,4.94141,-1.58361,24.00
-7.53,-8.81,-4.08,4.89258,-2.90329,24.00
-13.63,-7.59,-0.79,4.95117,-1.31968,24.00
-18.08,5.34,4.70,4.89258,-2.90329,24.00
-20.27,8.14,1.65,4.95117,-1.31968,24.00
-20.46,12.35,-8.53,4.92187,-2.11149,24.00
-17.29,6.62,-3.72,4.93164,-1.84755,24.00
-9.05,-3.14,-12.37,4.91211,-2.37542,24.00
-9.48,-4.30,-3.23,4.93164,-1.84755,24.00
-2.10,-8.99,-5.00,4.91211,-2.37542,24.00
-12.29,-5.58,11.53,4.92187,-2.11149,24.00
-15.33,5.70,8.78,4.95117,-1.31968,24.00
-5.15,7.17,-7.37,4.94141,-1.58361,24.00
-13.63,13.45,-5.61,4.89258,-2.90329,24.00
-22.10,11.44,1.83,4.89258,-2.90329,24.00
-1.80,4.85,-5.18,4.94141,-1.58361,24.00
-18.44,1.80,17.20,4.92187,-2.11149,24.00
-5.15,-9.97,7.26,4.91211,-2.37542,24.00
-14.54,-8.14,16.83,4.95117,-1.31968,24.00
-18.69,3.88,21.16,4.92187,-2.11149,24.00
-16.98,4.79,14.15,4.93164,-1.84755,24.00
-18.50,11.44,16.16,4.94141,-1.58361,24.00
-13.57,8.08,16.28,4.90234,-2.63936,24.00
-10.70,-3.01,15.43,4.91211,-2.37542,24.00
-2.35,-8.20,18.24,4.94141,-1.58361,24.00
-1.25,-14.54,16.95,4.92187,-2.11149,24.00
-4.79,-6.00,19.58,4.94141,-1.58361,24.00
-9.05,0.34,18.42,4.92187,-2.11149,24.00
-5.94,5.64,6.83,4.94141,-1.58361,24.00
-3.32,8.27,2.99,4.92187,-2.11149,24.00
2.71,-3.20,6.22,4.94141,-1.58361,24.00
1.43,-4.66,12.32,4.95117,-1.31968,24.00
6.01,-6.55,10.98,4.93164,-1.84755,24.00
3.69,-7.22,8.48,4.94141,-1.58361,24.00
-12.04,9.18,7.75,4.90234,-2.63936,24.00
-5.52,4.00,6.83,4.97070,-0.79181,24.00
-0.76,5.58,1.41,4.92187,-2.11149,24.00
-8.75,6.07,-5.06,4.88281,-3.16723,24.00
-16.19,-4.60,3.66,4.97070,-0.79181,25.00
-0.94,-9.97,16.89,4.94141,-1.58361,24.00
-1.13,-12.53,16.77,4.90234,-2.63936,25.00
-0.52,-3.87,11.95,4.94141,-1.58361,25.00
-3.57,6.50,12.69,4.92187,-2.11149,24.00
-9.11,3.94,13.11,4.96094,-1.05574,25.00
-11.98,6.38,9.21,4.93164,-1.84755,25.00
-6.68,-5.51,12.50,4.89258,-2.90329,25.00
-10.27,-12.28,15.00,4.92187,-2.11149,25.00
-14.97,-7.77,17.50,4.87305,-3.43117,25.00
-13.50,-4.17,9.39,4.92187,-2.11149,25.00
-17.89,6.13,9.03,4.93164,-1.84755,25.00
-13.81,7.78,-8.11,4.93164,-1.84755,25.00
-10.58,12.90,-13.84,4.90234,-2.63936,25.00
-14.91,9.12,-15.54,4.91211,-2.37542,25.00
-14.36,1.31,-15.00,4.91211,-2.37542,25.00
-13.14,2.41,-12.68,4.94141,-1.58361,25.00
-9.30,-4.97,-8.78,4.96094,-1.05574,25.00
-6.25,-13.26,-14.14,4.93164,-1.84755,25.00
-4.36,-0.33,-5.06,4.96094,-1.05574,25.00
-15.52,11.07,-8.29,4.90234,-2.63936,25.00
-15.27,8.45,-11.28,4.95117,-1.31968,25.00
-13.44,8.57,-9.26,4.89258,-2.90329,25.00
-6.37,-5.21,-5.91,4.95117,-1.31968,25.00
-9.85,-5.58,-2.98,4.92187,-2.11149,25.00
-7.22,-8.75,4.27,4.91211,-2.37542,25.00
-7.77,-8.26,-2.13,4.97070,-0.79181,25.00
-13.50,4.73,2.14,4.90234,-2.63936,25.00
-14.42,8.51,2.44,4.94141,-1.58361,25.00
-13.44,12.66,0.06,4.89258,-2.90329,25.00
-17.59,9.61,-10.55,4.92187,-2.11149,25.00
-5.03,-0.82,-10.85,4.98047,-0.52787,25.00
-6.86,-7.77,-7.25,4.95117,-1.31968,25.00
-18.02,-2.71,13.36,4.93164,-1.84755,25.00
-12.47,-1.98,16.59,4.92187,-2.11149,25.00
-15.94,0.40,20.98,4.96094,-1.05574,25.00
-7.90,4.30,16.65,4.94141,-1.58361,25.00
-4.42,9.49,9.70,4.91211,-2.37542,25.00
-9.60,12.11,5.06,4.92187,-2.11149,25.00
-11.43,3.51,3.72,4.93164,-1.84755,25.00
-16.68,-1.12,5.55,4.96094,-1.05574,25.00
4.42,-10.03,9.45,4.90234,-2.63936,25.00
3.51,-12.53,17.26,4.93164,-1.84755,25.00
-16.68,0.52,21.47,4.90234,-2.63936,25.00
-16.61,9.67,17.50,4.90234,-2.63936,25.00
-15.21,8.20,17.56,4.92187,-2.11149,25.00
-10.33,3.02,13.36,4.91211,-2.37542,25.00
-10.70,-3.93,14.52,4.92187,-2.11149,25.00
-12.41,2.11,17.93,4.92187,-2.11149,25.00
5.21,-10.64,16.47,4.93164,-1.84755,25.00
-3.50,-5.76,14.15,4.94141,-1.58361,25.00
1.86,-1.86,16.28,4.91211,-2.37542,25.00
-4.24,7.35,12.08,4.93164,-1.84755,25.00
-21.49,9.12,11.16,4.94141,-1.58361,25.00
-12.89,4.24,9.15,4.92187,-2.11149,25.00
-11.19,-8.50,19.21,4.92187,-2.11149,25.00
-4.85,-4.78,16.41,4.86328,-3.69510,25.00
-5.46,-3.75,14.09,4.94141,-1.58361,25.00
-7.53,3.57,14.76,4.95117,-1.31968,25.00
2.47,7.78,4.52,4.91211,-2.37542,25.00
-0.88,6.38,6.53,4.98047,-0.52787,25.00
-13.50,3.14,4.03,4.90234,-2.63936,25.00
-2.65,-7.71,13.24,4.96094,-1.05574,25.00
-11.68,-8.38,10.00,4.93164,-1.84755,25.00
-12.10,-10.21,-3.29,4.98047,-0.52787,25.00
-12.35,-2.40,3.24,4.93164,-1.84755,25.00
-15.21,9.00,-10.85,4.91211,-2.37542,25.00
-14.48,11.99,-7.62,4.94141,-1.58361,25.00
-12.83,11.01,-14.51,4.90234,-2.63936,25.00
-9.91,5.46,-9.02,4.89258,-2.90329,25.00
-13.93,-3.20,1.47,4.93164,-1.84755,25.00
-8.75,-5.39,5.00,4.90234,-2.63936,25.00
-20.03,-4.84,10.61,4.91211,-2.37542,25.00
-16.92,0.22,12.63,4.92187,-2.11149,25.00
-7.53,3.08,15.25,4.92187,-2.11149,25.00
-4.91,12.78,-1.40,4.95117,-1.31968,25.00
5.64,7.41,8.85,4.88281,-3.16723,25.00
-11.07,-2.22,10.19,4.93164,-1.84755,25.00
-13.44,-4.84,21.59,4.94141,-1.58361,25.00
-18.63,-5.88,18.05,4.91211,-2.37542,25.00
-6.31,-6.80,5.37,4.95117,-1.31968,25.00
-18.99,6.13,17.44,4.92187,-2.11149,25.00
-16.37,6.50,11.16,4.92187,-2.11149,25.00
-19.42,12.41,8.24,4.90234,-2.63936,25.00
-19.05,18.14,-0.06,4.97070,-0.79181,25.00
-6.55,1.80,-0.67,4.92187,-2.11149,25.00
-6.74,-3.26,-2.13,4.95117,-1.31968,25.00
-2.77,-12.59,2.44,4.92187,-2.11149,25.00
-3.32,-8.08,-4.75,4.96094,-1.05574,25.00
-9.97,-1.49,2.69,4.89258,-2.90329,25.00
-6.68,6.13,-2.44,4.90234,-2.63936,25.00
-9.91,11.01,-1.95,4.94141,-1.58361,25.00
-19.36,13.08,10.43,4.93164,-1.84755,25.00
-17.65,11.38,13.36,4.95117,-1.31968,25.00
-9.30,-3.44,14.03,4.93164,-1.84755,25.00
-2.71,-4.54,16.47,4.91211,-2.37542,25.00
-0.64,-16.92,11.59,4.89258,-2.90329,25.00
-16.31,-9.17,7.02,4.96094,-1.05574,25.00
-17.10,-2.16,12.63,4.88281,-3.16723,25.00
-22.04,7.05,-11.76,4.95117,-1.31968,25.00
-19.30,12.78,-8.65,4.98047,-0.52787,25.00
-15.64,11.86,-8.41,4.92187,-2.11149,25.00
-18.93,3.20,-3.84,4.89258,-2.90329,25.00
-24.60,-3.26,-5.06,4.96094,-1.05574,25.00
-19.72,-9.30,4.09,4.89258,-2.90329,25.00
-8.38,-18.32,-2.50,4.91211,-2.37542,25.00
-14.54,-4.48,-7.01,4.97070,-0.79181,25.00
-15.27,7.60,-5.42,4.91211,-2.37542,25.00
-15.94,5.46,1.65,4.91211,-2.37542,25.00
-23.32,9.36,2.14,4.95117,-1.31968,25.00
-20.82,8.08,-7.44,4.91211,-2.37542,25.00
-16.13,-4.84,2.38,4.95117,-1.31968,25.00
-10.94,-5.64,12.63,4.91211,-2.37542,25.00
2.29,-11.31,11.28,4.90234,-2.63936,25.00
7.71,-16.25,17.87,4.94141,-1.58361,25.00
0.15,-1.49,15.49,4.94141,-1.58361,25.00
-9.42,7.47,15.92,4.90234,-2.63936,25.00
-17.10,7.53,10.19,4.92187,-2.11149,25.00
-31.37,15.70,6.65,4.89258,-2.90329,25.00
-15.39,14.18,-5.42,4.93164,-1.84755,25.00
-5.52,1.80,-9.87,4.88281,-3.16723,25.00
-17.89,-4.05,4.09,4.91211,-2.37542,25.00
-1.31,-6.80,5.37,4.91211,-2.37542,25.00
-20.21,-6.06,-2.80,4.93164,-1.84755,25.00
-10.82,-10.03,-4.08,4.91211,-2.37542,25.00
-22.35,5.83,-2.50,4.93164,-1.84755,25.00
-16.31,10.52,-12.01,4.94141,-1.58361,25.00
-21.98,10.03,-12.13,4.86328,-3.69510,25.00
-8.26,13.75,-2.98,4.95117,-1.31968,25.00
-11.55,0.22,6.89,4.91211,-2.37542,25.00
-9.91,-3.08,10.31,4.90234,-2.63936,25.00
-11.80,-11.06,8.72,4.91211,-2.37542,25.00
0.52,-12.71,16.04,4.91211,-2.37542,25.00
-12.22,-1.12,3.72,4.87305,-3.43117,25.00
-12.53,12.66,2.20,4.91211,-2.37542,25.00
-20.46,17.23,-7.37,4.91211,-2.37542,25.00
-10.58,14.00,-1.70,4.89258,-2.90329,25.00
-9.60,0.40,4.21,4.93164,-1.84755,25.00
-12.04,-1.67,-27.25,4.87305,-3.43117,25.00
-4.72,0.64,5.43,4.87305,-3.43117,25.00
-9.60,5.58,6.04,4.85352,-3.95904,25.00
-15.09,6.01,17.14,4.85352,-3.95904,25.00
-13.02,-2.77,10.00,4.88281,-3.16723,25.00
-17.77,-5.82,13.36,4.83398,-4.48691,25.00
0.64,-11.00,-5.91,4.86328,-3.69510,25.00
-3.02,-2.04,-7.50,4.86328,-3.69510,25.00
-3.32,7.23,-11.28,4.81445,-5.01478,25.00
-25.94,12.29,10.19,4.84375,-4.22297,25.00
-5.27,9.79,5.37,4.88281,-3.16723,25.00
-13.44,1.99,2.14,4.86328,-3.69510,25.00
-17.16,2.29,-7.13,4.85352,-3.95904,25.00
-10.03,-9.17,-6.89,4.85352,-3.95904,25.00
-10.33,0.28,-4.69,4.84375,-4.22297,25.00
-11.07,9.79,-10.67,4.86328,-3.69510,25.00
-7.83,15.22,-7.74,4.90234,-2.63936,25.00
-5.15,7.23,-2.13,4.80469,-5.27872,25.00
-6.25,-5.39,1.65,4.89258,-2.90329,25.00
-13.50,-0.70,12.63,4.82422,-4.75084,25.00
-10.46,-4.66,6.65,4.84375,-4.22297,25.00
-16.43,5.95,4.52,4.81445,-5.01478,25.00
-15.70,11.07,6.53,4.80469,-5.27872,25.00
-19.48,13.14,6.04,4.84375,-4.22297,25.00
-6.37,2.05,10.31,4.88281,-3.16723,25.00
-9.54,-6.55,17.69,4.85352,-3.95904,25.00
-8.26,-7.89,14.03,4.79492,-5.54265,25.00
-15.94,-4.66,11.83,4.87305,-3.43117,25.00
-19.97,2.53,16.83,4.82422,-4.75084,25.00
-20.58,3.88,6.47,4.87305,-3.43117,25.00
-18.44,5.28,11.95,4.84375,-4.22297,25.00
-7.65,-3.87,11.59,4.83398,-4.48691,25.00
-8.26,-5.03,14.94,4.83398,-4.48691,25.00
-4.54,-3.69,15.98,4.79492,-5.54265,25.00
2.90,-11.00,14.52,4.87305,-3.43117,25.00
-1.61,-0.70,4.94,4.83398,-4.48691,25.00
-3.69,5.16,3.66,4.80469,-5.27872,25.00
-9.60,9.79,-3.53,4.80469,-5.27872,25.00
-9.91,6.44,5.74,4.82422,-4.75084,25.00
-19.97,-7.95,15.13,4.82422,-4.75084,25.00
-3.02,-0.82,4.76,4.82422,-4.75084,25.00
-2.10,-8.56,-1.70,4.83398,-4.48691,25.00
-8.32,7.90,-10.79,4.81445,-5.01478,25.00
-10.21,11.31,-9.51,4.80469,-5.27872,25.00
-25.39,16.86,-17.62,4.84375,-4.22297,25.00
-22.65,16.07,-12.25,4.86328,-3.69510,25.00
-19.24,6.92,6.47,4.80469,-5.27872,25.00
1.92,-8.01,5.25,4.82422,-4.75084,25.00
10.95,-10.58,12.08,4.83398,-4.48691,25.00
8.51,-10.21,18.54,4.82422,-4.75084,25.00
-9.79,-13.20,-0.42,4.86328,-3.69510,25.00
-26.55,1.31,2.14,4.84375,-4.22297,25.00
-17.96,5.22,-8.29,4.85352,-3.95904,25.00
-22.59,2.90,8.36,4.83398,-4.48691,25.00
-30.03,3.33,6.77,4.83398,-4.48691,25.00
2.10,9.67,8.05,4.80469,-5.27872,25.00
14.18,3.08,12.20,4.81445,-5.01478,25.00
-1.61,-0.76,15.43,4.86328,-3.69510,25.00
-20.15,-4.17,11.65,4.85352,-3.95904,25.00
-11.55,-5.88,3.17,4.83398,-4.48691,25.00
-16.86,-4.11,-2.01,4.90234,-2.63936,25.00
-11.74,2.53,-2.50,4.84375,-4.22297,25.00
-24.48,5.03,3.05,4.82422,-4.75084,25.00
-26.37,9.18,4.70,4.88281,-3.16723,25.00
-28.57,11.80,7.26,4.84375,-4.22297,25.00
-16.68,11.80,5.13,4.84375,-4.22297,25.00
-10.64,0.77,22.87,4.81445,-5.01478,25.00
-7.90,-9.23,6.77,4.83398,-4.48691,25.00
-7.71,-2.28,-3.35,4.79492,-5.54265,25.00
-7.77,-4.42,21.10,4.83398,-4.48691,25.00
5.21,-6.00,9.94,4.81445,-5.01478,25.00
-6.49,-1.06,7.56,4.85352,-3.95904,25.00
-13.50,6.13,-2.19,4.83398,-4.48691,25.00
-17.16,11.56,-13.41,4.91211,-2.37542,25.00
-15.39,14.42,-12.31,4.87305,-3.43117,25.00
-27.89,7.05,-7.44,4.80469,-5.27872,25.00
-17.22,1.56,-2.68,4.88281,-3.16723,25.00
-18.81,-6.80,23.84,4.85352,-3.95904,25.00
-10.09,-10.88,24.39,4.82422,-4.75084,25.00
-7.16,-10.58,24.64,4.80469,-5.27872,25.00
-0.15,-3.08,21.34,4.84375,-4.22297,25.00
-13.44,6.68,8.17,4.84375,-4.22297,25.00
-21.00,11.56,-2.13,4.84375,-4.22297,25.00
-24.24,14.67,-2.92,4.82422,-4.75084,25.00
-10.21,12.66,-10.67,4.83398,-4.48691,25.00
-11.80,8.51,-3.41,4.85352,-3.95904,25.00
-15.33,-0.15,13.05,4.87305,-3.43117,25.00
-4.42,-8.20,18.11,4.82422,-4.75084,25.00
3.08,-17.65,21.41,4.83398,-4.48691,25.00
3.51,-5.09,16.28,4.83398,-4.48691,25.00
1.74,2.78,10.74,4.78516,-5.80659,25.00
2.96,4.30,9.88,4.81445,-5.01478,25.00
-1.74,4.55,5.25,4.83398,-4.48691,25.00
4.48,1.25,4.45,4.82422,-4.75084,25.00
10.15,-9.05,9.03,4.84375,-4.22297,25.00
9.30,-7.77,11.16,4.80469,-5.27872,25.00
8.39,-10.58,14.21,4.91211,-2.37542,25.00
-3.57,-0.39,11.89,4.79492,-5.54265,25.00
-16.07,5.10,11.77,4.82422,-4.75084,25.00
-20.76,11.01,13.24,4.83398,-4.48691,25.00
-16.31,3.81,4.15,4.82422,-4.75084,25.00
-15.76,-5.70,14.39,4.83398,-4.48691,25.00
-13.26,-8.32,9.94,4.82422,-4.75084,25.00
-11.43,-6.00,6.59,4.83398,-4.48691,25.00
-21.74,7.47,8.36,4.86328,-3.69510,25.00
-12.35,7.90,15.67,4.86328,-3.69510,25.00
1.13,2.17,18.17,4.82422,-4.75084,25.00
7.10,-4.48,9.76,4.81445,-5.01478,25.00
-3.44,1.80,-4.39,4.88281,-3.16723,25.00
-9.97,-3.87,6.59,4.79492,-5.54265,25.00
-7.35,-10.76,6.77,4.82422,-4.75084,25.00
-10.46,4.55,5.67,4.82422,-4.75084,25.00
-14.79,11.19,-11.89,4.83398,-4.48691,25.00
-14.66,8.33,-1.03,4.84375,-4.22297,25.00
-9.79,-4.60,7.93,4.88281,-3.16723,25.00
-4.24,-4.17,12.44,4.81445,-5.01478,25.00
-17.96,-0.82,-8.53,4.89258,-2.90329,25.00
-7.77,6.80,-6.34,4.80469,-5.27872,25.00
-17.10,8.27,18.30,4.82422,-4.75084,25.00
-0.88,11.99,4.64,4.83398,-4.48691,25.00
-15.88,-5.88,6.65,4.87305,-3.43117,25.00
-25.76,-1.49,0.31,4.86328,-3.69510,25.00
-9.66,-5.09,-5.48,4.86328,-3.69510,25.00
-14.42,2.72,-3.78,4.83398,-4.48691,25.00
-1.49,9.30,-13.59,4.84375,-4.22297,25.00
-6.25,12.96,-2.62,4.85352,-3.95904,25.00
-10.76,5.83,0.06,4.82422,-4.75084,25.00
-15.15,-2.95,18.78,4.89258,-2.90329,25.00
2.96,-6.80,12.02,4.81445,-5.01478,25.00
-18.08,-10.03,5.74,4.84375,-4.22297,25.00
-8.20,6.13,-8.72,4.81445,-5.01478,25.00
-14.18,8.27,-3.35,4.87305,-3.43117,25.00
-20.46,11.19,7.20,4.83398,-4.48691,25.00
-18.50,5.77,10.37,4.81445,-5.01478,25.00
5.34,-9.60,14.03,4.84375,-4.22297,25.00
-15.09,-5.09,-2.62,4.84375,-4.22297,25.00
-9.54,-1.25,12.93,4.85352,-3.95904,25.00
-3.32,6.50,5.00,4.83398,-4.48691,25.00
-19.48,8.75,-11.22,4.86328,-3.69510,25.00
-13.38,10.64,8.24,4.85352,-3.95904,25.00
-1.98,-5.82,14.76,4.85352,-3.95904,25.00
-13.57,-9.60,3.48,4.83398,-4.48691,25.00
-9.60,-3.50,0.06,4.83398,-4.48691,25.00
-17.89,7.84,11.65,4.85352,-3.95904,25.00
-5.46,6.92,5.55,4.86328,-3.69510,25.00
-20.39,-0.03,-10.67,4.84375,-4.22297,25.00
-8.20,-5.58,1.10,4.85352,-3.95904,25.00
-1.86,-11.73,22.63,4.85352,-3.95904,25.00
-9.11,-2.47,9.76,4.82422,-4.75084,25.00
-24.36,5.89,-10.36,4.89258,-2.90329,25.00
-20.39,8.02,1.71,4.83398,-4.48691,25.00
-0.33,-1.73,0.92,4.84375,-4.22297,25.00
-23.20,-4.05,-2.07,4.81445,-5.01478,25.00
0.34,-8.75,1.35,4.82422,-4.75084,25.00
-4.72,-1.86,16.34,4.88281,-3.16723,25.00
-24.48,7.47,-12.31,4.84375,-4.22297,25.00
-11.68,12.41,-7.19,4.82422,-4.75084,25.00
-7.59,5.10,15.80,4.86328,-3.69510,25.00
7.65,-4.72,3.30,4.87305,-3.43117,25.00
-23.20,1.07,-2.86,4.82422,-4.75084,25.00
-1.07,-8.99,25.49,4.84375,-4.22297,25.00
1.68,-5.51,7.56,4.85352,-3.95904,25.00
-25.03,7.11,-9.63,4.83398,-4.48691,25.00
-15.46,9.61,5.13,4.85352,-3.95904,25.00
1.31,6.56,12.02,4.78516,-5.80659,25.00
-17.53,-0.21,-13.04,4.84375,-4.22297,25.00
-7.77,-1.86,18.36,4.82422,-4.75084,25.00
1.13,-7.04,8.30,4.81445,-5.01478,25.00
-18.63,-5.51,-2.74,4.81445,-5.01478,25.00
-10.82,-3.20,22.50,4.82422,-4.75084,25.00
6.25,1.38,4.58,4.84375,-4.22297,25.00
-25.46,12.59,-16.76,4.82422,-4.75084,25.00
-19.30,13.75,4.82,4.81445,-5.01478,25.00
2.35,2.60,6.10,4.83398,-4.48691,25.00
-20.82,-0.76,-9.81,4.88281,-3.16723,25.00
-11.00,-5.70,6.41,4.89258,-2.90329,25.00
3.57,-17.71,17.99,4.86328,-3.69510,25.00
4.67,-11.98,8.11,4.88281,-3.16723,25.00
-28.93,5.22,5.00,4.82422,-4.75084,25.00
-22.59,2.53,-3.59,4.83398,-4.48691,25.00
-27.10,11.13,-7.07,4.87305,-3.43117,25.00
-23.38,12.53,-7.37,4.85352,-3.95904,25.00
-6.86,1.25,-20.97,4.84375,-4.22297,25.00
-0.33,-0.39,-12.01,4.85352,-3.95904,25.00
-19.85,3.69,8.24,4.84375,-4.22297,25.00
-21.31,-13.81,17.02,4.84375,-4.22297,25.00
-0.70,-13.08,22.14,4.86328,-3.69510,25.00
5.09,-11.37,13.54,4.86328,-3.69510,25.00
-11.13,-3.32,7.56,4.84375,-4.22297,25.00
-24.05,9.91,-8.47,4.86328,-3.69510,25.00
-7.04,17.96,-22.13,4.87305,-3.43117,25.00
-20.21,14.97,-4.39,4.84375,-4.22297,25.00
-10.33,1.38,19.33,4.87305,-3.43117,25.00
6.50,6.74,8.24,4.85352,-3.95904,25.00
-11.13,-0.70,2.87,4.80469,-5.27872,25.00
-27.65,-3.56,-7.31,4.86328,-3.69510,25.00
-5.33,1.01,-10.85,4.84375,-4.22297,25.00
-14.97,-8.62,18.97,4.84375,-4.22297,25.00
-3.69,-14.72,23.66,4.81445,-5.01478,25.00
6.74,-12.77,17.93,4.88281,-3.16723,25.00
-10.40,0.64,1.65,4.84375,-4.22297,25.00
-22.83,6.44,-9.08,4.85352,-3.95904,25.00
-10.33,8.33,-13.41,4.87305,-3.43117,25.00
-9.30,15.09,-14.87,4.89258,-2.90329,25.00
-11.43,15.40,-18.65,4.81445,-5.01478,25.00
-14.36,10.22,-10.55,4.84375,-4.22297,25.00
-14.72,3.14,-7.68,4.82422,-4.75084,25.00
-12.89,2.84,-9.75,4.87305,-3.43117,25.00
-10.21,-5.27,-11.34,4.87305,-3.43117,25.00
-13.81,5.52,-9.33,4.88281,-3.16723,25.00
-15.52,-3.01,1.65,4.83398,-4.48691,25.00
-15.94,-5.82,19.76,4.85352,-3.95904,25.00
10.95,-11.73,19.76,4.88281,-3.16723,25.00
3.75,-9.97,14.64,4.87305,-3.43117,25.00
-17.96,-0.94,3.30,4.82422,-4.75084,25.00
-25.76,8.51,-4.69,4.91211,-2.37542,25.00
-20.39,8.20,-8.41,4.82422,-4.75084,25.00
-17.41,6.25,-9.81,4.87305,-3.43117,25.00
-9.05,16.74,-10.55,4.83398,-4.48691,25.00
-19.05,-0.03,6.16,4.85352,-3.95904,25.00
-25.21,-4.36,7.93,4.90234,-2.63936,25.00
-4.60,-7.59,27.32,4.85352,-3.95904,25.00
9.06,-13.50,17.87,4.85352,-3.95904,25.00
15.28,-21.00,19.09,4.87305,-3.43117,25.00
-9.79,-8.50,12.14,4.93164,-1.84755,25.00
-10.88,-6.31,17.63,4.86328,-3.69510,25.00
-23.38,-1.55,4.88,4.85352,-3.95904,25.00
-27.89,7.47,-1.95,4.90234,-2.63936,25.00
-26.74,8.63,-10.42,4.87305,-3.43117,25.00
-22.77,16.44,-10.42,4.87305,-3.43117,25.00
-11.61,14.97,-21.70,4.85352,-3.95904,25.00
-4.72,6.25,-16.64,4.82422,-4.75084,25.00
-4.18,7.29,-8.78,4.92187,-2.11149,25.00
-19.66,-3.08,12.44,4.87305,-3.43117,25.00
-9.85,-2.65,28.66,4.86328,-3.69510,25.00
2.96,-6.92,24.27,4.91211,-2.37542,25.00
8.02,-11.73,19.27,4.86328,-3.69510,25.00
13.26,-1.06,11.47,4.83398,-4.48691,25.00
-3.63,5.22,2.50,4.88281,-3.16723,25.00
-23.14,4.73,2.81,4.87305,-3.43117,25.00
-28.93,8.81,-6.40,4.88281,-3.16723,25.00
-35.15,14.18,-4.75,4.82422,-4.75084,25.00
-8.14,3.39,0.49,4.87305,-3.43117,25.00
-18.69,-1.06,6.35,4.87305,-3.43117,25.00
1.56,-7.40,3.78,4.89258,-2.90329,25.00
-14.79,-9.60,20.31,4.88281,-3.16723,25.00
-20.64,-6.80,-14.26,4.82422,-4.75084,25.00
-3.20,-8.26,15.31,4.91211,-2.37542,25.00
-8.75,-0.15,11.71,4.90234,-2.63936,25.00
-21.61,5.70,-4.51,4.91211,-2.37542,25.00
-16.31,12.41,-2.80,4.89258,-2.90329,25.00
-26.49,7.78,7.75,4.89258,-2.90329,25.00
-13.69,7.96,13.24,4.89258,-2.90329,25.00
1.50,0.10,10.98,4.86328,-3.69510,25.00
-7.96,-5.58,7.75,4.90234,-2.63936,25.00
-21.55,-9.42,3.78,4.91211,-2.37542,25.00
-2.29,-6.98,-10.73,4.84375,-4.22297,25.00
0.82,-9.17,-3.96,4.90234,-2.63936,25.00
-12.65,-3.75,19.27,4.88281,-3.16723,25.00
-2.16,3.27,14.64,4.88281,-3.16723,25.00
0.40,2.60,7.69,4.87305,-3.43117,25.00
-13.75,3.14,2.56,4.95117,-1.31968,25.00
-21.43,12.90,-12.44,4.90234,-2.63936,25.00
-2.04,14.24,-15.06,4.88281,-3.16723,25.00
1.92,8.51,-14.26,4.89258,-2.90329,25.00
-16.43,-3.75,2.20,4.94141,-1.58361,25.00
-23.02,-0.33,12.50,4.87305,-3.43117,25.00
-23.14,-5.33,8.66,4.87305,-3.43117,25.00
-11.07,-9.97,5.55,4.88281,-3.16723,25.00
-22.65,-8.20,8.66,4.90234,-2.63936,25.00
-28.81,2.11,17.75,4.86328,-3.69510,25.00
-19.91,3.14,12.32,4.86328,-3.69510,25.00
-9.97,2.84,17.50,4.84375,-4.22297,25.00
-10.88,5.22,13.11,4.95117,-1.31968,25.00
2.04,8.63,8.91,4.90234,-2.63936,25.00
-8.57,5.64,0.13,4.88281,-3.16723,25.00
-22.22,-0.09,-6.46,4.89258,-2.90329,25.00
-8.38,-6.19,-4.45,4.90234,-2.63936,25.00
-9.60,-0.51,-1.46,4.91211,-2.37542,25.00
-14.91,-2.95,9.88,4.88281,-3.16723,25.00
-19.79,-5.94,20.55,4.91211,-2.37542,25.00
-2.35,-1.86,17.50,4.92187,-2.11149,25.00
-11.68,4.42,5.67,4.86328,-3.69510,25.00
-21.98,10.77,-14.08,4.88281,-3.16723,25.00
-4.24,14.49,-14.33,4.92187,-2.11149,25.00
-14.85,13.08,-0.24,4.90234,-2.63936,25.00
-9.36,1.99,19.15,4.89258,-2.90329,25.00
2.90,-8.93,10.74,4.85352,-3.95904,25.00
-21.49,-0.94,4.21,4.90234,-2.63936,25.00
-16.31,-3.44,0.13,4.85352,-3.95904,25.00
-8.32,-9.66,-8.72,4.90234,-2.63936,25.00
-0.70,-0.82,-12.80,4.89258,-2.90329,25.00
-9.36,3.57,-1.58,4.87305,-3.43117,25.00
-10.46,6.62,20.43,4.82422,-4.75084,25.00
-17.47,7.23,0.80,4.92187,-2.11149,25.00
-12.47,12.05,19.09,4.85352,-3.95904,25.00
-0.82,5.52,-1.64,4.88281,-3.16723,25.00
9.48,-3.14,-5.30,4.90234,-2.63936,25.00
-4.60,-5.33,10.31,4.88281,-3.16723,25.00
-12.35,-13.20,-4.51,4.84375,-4.22297,25.00
-9.48,-11.25,-1.70,4.93164,-1.84755,25.00
-28.69,2.35,28.48,4.87305,-3.43117,25.00
-29.05,-1.73,2.87,4.86328,-3.69510,25.00
-13.81,2.84,27.81,4.89258,-2.90329,25.00
-6.13,9.42,-5.73,4.88281,-3.16723,25.00
-12.71,3.33,4.39,4.85352,-3.95904,25.00
6.62,-6.92,9.52,4.85352,-3.95904,25.00
-7.16,1.68,-2.50,4.85352,-3.95904,25.00
-14.48,-10.33,21.28,4.83398,-4.48691,25.00
10.70,-12.22,22.02,4.85352,-3.95904,25.00
-10.70,-0.64,14.15,4.87305,-3.43117,25.00
-16.13,7.53,9.58,4.85352,-3.95904,25.00
-20.94,10.83,-17.13,4.89258,-2.90329,25.00
-22.96,16.25,-10.36,4.88281,-3.16723,25.00
-21.68,16.80,4.09,4.84375,-4.22297,25.00
-9.66,4.36,6.10,4.86328,-3.69510,25.00
-9.79,-6.49,23.60,4.83398,-4.48691,25.00
-14.54,-5.39,-0.97,4.83398,-4.48691,25.00
-11.80,-4.84,-4.02,4.85352,-3.95904,25.00
-8.75,-3.62,-13.59,4.86328,-3.69510,25.00
-15.39,-1.12,2.14,4.93164,-1.84755,25.00
-17.10,3.81,14.39,4.92187,-2.11149,25.00
-12.53,-4.36,28.30,4.88281,-3.16723,25.00
-1.37,-3.01,15.86,4.88281,-3.16723,25.00
-11.19,10.10,5.06,4.85352,-3.95904,25.00
-8.93,5.95,5.19,4.83398,-4.48691,25.00
-15.09,1.99,6.04,4.85352,-3.95904,25.00
-14.54,-5.64,0.55,4.85352,-3.95904,25.00
-12.47,-1.80,-11.09,4.86328,-3.69510,25.00
-5.21,4.73,-10.24,4.83398,-4.48691,25.00
0.09,1.74,-2.92,4.86328,-3.69510,25.00
-19.05,1.56,6.47,4.81445,-5.01478,25.00
-20.94,5.64,12.26,4.83398,-4.48691,25.00
-21.55,4.61,17.56,4.86328,-3.69510,25.00
-4.66,2.47,18.78,4.86328,-3.69510,25.00
-9.54,4.24,2.99,4.76562,-6.33446,25.00
0.15,2.05,3.36,4.76562,-6.33446,25.00
-23.50,-1.98,1.04,4.78516,-5.80659,25.00
-17.89,2.41,-11.40,4.80469,-5.27872,25.00
-18.08,2.23,-7.37,4.80469,-5.27872,25.00
-0.15,-3.32,-17.13,4.82422,-4.75084,25.00
-9.30,2.66,-7.44,4.84375,-4.22297,25.00
-22.22,5.10,7.93,4.82422,-4.75084,25.00
-19.97,3.51,15.43,4.82422,-4.75084,25.00
-15.58,0.95,16.71,4.83398,-4.48691,25.00
-5.52,1.62,14.52,4.87305,-3.43117,25.00
2.65,1.56,13.78,4.87305,-3.43117,25.00
-13.02,10.22,7.38,4.83398,-4.48691,25.00
-16.07,-2.16,5.74,4.85352,-3.95904,25.00
-23.87,-4.90,5.25,4.83398,-4.48691,25.00
-25.64,0.10,-3.23,4.87305,-3.43117,25.00
-16.92,-6.73,-10.48,4.81445,-5.01478,25.00
-4.30,-5.58,-14.45,4.81445,-5.01478,25.00
-1.49,-1.98,-6.83,4.83398,-4.48691,25.00
-18.50,6.56,13.60,4.85352,-3.95904,25.00
-6.61,-1.43,18.11,4.81445,-5.01478,25.00
1.31,1.68,8.72,4.80469,-5.27872,25.00
-12.41,3.39,5.98,4.89258,-2.90329,25.00
-28.26,11.86,-5.79,4.82422,-4.75084,25.00
-17.89,16.07,-15.42,4.82422,-4.75084,25.00
-9.91,4.42,-15.73,4.80469,-5.27872,25.00
-10.09,1.44,1.89,4.84375,-4.22297,25.00
-11.07,-3.26,22.44,4.92187,-2.11149,25.00
0.21,-7.65,21.04,4.84375,-4.22297,25.00
1.68,-7.65,16.71,4.84375,-4.22297,25.00
-3.38,-5.45,8.78,4.86328,-3.69510,25.00
-15.82,-2.40,-8.59,4.91211,-2.37542,25.00
-6.43,-3.20,-9.87,4.82422,-4.75084,25.00
-9.85,-1.37,11.35,4.85352,-3.95904,25.00
-17.41,2.05,16.10,4.85352,-3.95904,25.00
-16.19,3.20,16.47,4.82422,-4.75084,25.00
-8.26,2.29,15.37,4.84375,-4.22297,25.00
-6.19,2.47,12.08,4.81445,-5.01478,25.00
-2.16,6.92,12.14,4.91211,-2.37542,25.00
-2.29,9.24,3.54,4.85352,-3.95904,25.00
-12.35,6.25,5.74,4.85352,-3.95904,25.00
-19.97,7.78,-5.48,4.83398,-4.48691,25.00
-17.89,-1.06,-5.18,4.87305,-3.43117,25.00
-10.40,0.77,-15.30,4.81445,-5.01478,25.00
-8.87,-3.01,-7.13,4.87305,-3.43117,25.00
-4.36,-0.03,-4.57,4.86328,-3.69510,25.00
-12.83,-2.65,0.43,4.80469,-5.27872,25.00
-7.16,-2.04,-4.39,4.86328,-3.69510,25.00
-5.64,0.03,3.30,4.86328,-3.69510,25.00
-16.07,-7.28,17.81,4.87305,-3.43117,25.00
-11.86,-10.09,21.89,4.85352,-3.95904,25.00
-5.33,-6.80,19.45,4.84375,-4.22297,25.00
2.53,-2.22,10.06,4.87305,-3.43117,25.00
-8.44,0.95,8.97,4.82422,-4.75084,25.00
-23.75,2.05,2.81,4.86328,-3.69510,25.00
-19.30,4.61,-8.84,4.85352,-3.95904,25.00
-8.57,8.88,-15.42,4.81445,-5.01478,25.00
-11.13,7.84,-7.50,4.83398,-4.48691,25.00
-6.74,10.40,-10.18,4.87305,-3.43117,25.00
